channel,spend,revenue_generated,conversions,roi
App,4213378.75,8075010.49,75192,91.65166412
Email,3997488.04,8189331.58,74671,104.8619408
SMS,3998607.54,7938649.32,73235,98.53534613
Social Media,4110363.91,7990415.98,74940,94.39680172
