customer_segment_ml,customer_id,total_revenue,calculated_aov,order_count
High-Value Loyal Customers,273,11529.06076923077,2669.541588784232,4.465201465201465
Occasional Customers,666,1722.7947297297299,1178.530616866867,1.478978978978979
Premium Shoppers,467,4745.974068522484,3442.591177730193,1.3875802997858673
Regular Customers,766,5872.224190600523,2142.5052928633595,2.804177545691906
