clv_segment,customer_id,clv,total_revenue,order_count
Low Value,543,16574.61767955801,1381.2181399631675,1.2467771639042358
Medium Value,543,42170.8008839779,3514.2334069981584,1.7476979742173113
High Value,543,67633.36066298342,5636.113388581952,2.4806629834254146
Very High Value,543,116920.85613259669,9743.404677716391,3.7329650092081033
