channel,spend,revenue_generated,conversions,roas,conversion_efficiency
App,4213378.75,8075010.49,75192,2.754301310043668,0.01784601016464518
Email,3997488.04,8189331.58,74671,2.7488607594936707,0.018679480526976135
SMS,3998607.54,7938649.32,73235,2.7101119402985074,0.018315125770007427
Social Media,4110363.91,7990415.98,74940,2.7491883842144453,0.01823196233736881
