customer_segment,rating
Inactive,3.3663865546218488
New,3.3396072013093288
Premium,3.3209779179810726
Regular,3.3515151515151516
